<?xml version="1.0" encoding="UTF-8"?>
<GenRun Id="impl_1" LaunchPart="xc7a35tcpg236-3" LaunchTime="1500493842">
  <File Type="ROUTE-PWR-RPX" Name="test_mipse_power_routed.rpx"/>
  <File Type="PA-TCL" Name="test_mipse.tcl"/>
  <File Type="INIT-TIMING" Name="test_mipse_timing_summary_init.rpt"/>
  <File Type="OPT-METHODOLOGY-DRC" Name="test_mipse_methodology_drc_opted.rpt"/>
  <File Type="PWROPT-DRC" Name="test_mipse_drc_pwropted.rpt"/>
  <File Type="RDI-RDI" Name="test_mipse.vdi"/>
  <File Type="OPT-DCP" Name="test_mipse_opt.dcp"/>
  <File Type="OPT-HWDEF" Name="test_mipse.hwdef"/>
  <File Type="OPT-DRC" Name="test_mipse_drc_opted.rpt"/>
  <File Type="OPT-TIMING" Name="test_mipse_timing_summary_opted.rpt"/>
  <File Type="PWROPT-DCP" Name="test_mipse_pwropt.dcp"/>
  <File Type="PWROPT-TIMING" Name="test_mipse_timing_summary_pwropted.rpt"/>
  <File Type="PLACE-DCP" Name="test_mipse_placed.dcp"/>
  <File Type="PLACE-IO" Name="test_mipse_io_placed.rpt"/>
  <File Type="PLACE-CLK" Name="test_mipse_clock_utilization_placed.rpt"/>
  <File Type="PLACE-UTIL" Name="test_mipse_utilization_placed.rpt"/>
  <File Type="PLACE-UTIL-PB" Name="test_mipse_utilization_placed.pb"/>
  <File Type="PLACE-CTRL" Name="test_mipse_control_sets_placed.rpt"/>
  <File Type="PLACE-SIMILARITY" Name="test_mipse_incremental_reuse_placed.rpt"/>
  <File Type="PLACE-PRE-SIMILARITY" Name="test_mipse_incremental_reuse_pre_placed.rpt"/>
  <File Type="PLACE-TIMING" Name="test_mipse_timing_summary_placed.rpt"/>
  <File Type="POSTPLACE-PWROPT-DCP" Name="test_mipse_postplace_pwropt.dcp"/>
  <File Type="POSTPLACE-PWROPT-TIMING" Name="test_mipse_timing_summary_postplace_pwropted.rpt"/>
  <File Type="PHYSOPT-DCP" Name="test_mipse_physopt.dcp"/>
  <File Type="PHYSOPT-DRC" Name="test_mipse_drc_physopted.rpt"/>
  <File Type="PHYSOPT-TIMING" Name="test_mipse_timing_summary_physopted.rpt"/>
  <File Type="ROUTE-ERROR-DCP" Name="test_mipse_routed_error.dcp"/>
  <File Type="ROUTE-DCP" Name="test_mipse_routed.dcp"/>
  <File Type="ROUTE-BLACKBOX-DCP" Name="test_mipse_routed_bb.dcp"/>
  <File Type="ROUTE-DRC" Name="test_mipse_drc_routed.rpt"/>
  <File Type="ROUTE-DRC-PB" Name="test_mipse_drc_routed.pb"/>
  <File Type="ROUTE-DRC-RPX" Name="test_mipse_drc_routed.rpx"/>
  <File Type="BG-BIN" Name="test_mipse.bin"/>
  <File Type="ROUTE-METHODOLOGY-DRC" Name="test_mipse_methodology_drc_routed.rpt"/>
  <File Type="BG-DRC" Name="test_mipse.drc"/>
  <File Type="ROUTE-METHODOLOGY-DRC-RPX" Name="test_mipse_methodology_drc_routed.rpx"/>
  <File Type="BITSTR-MSK" Name="test_mipse.msk"/>
  <File Type="ROUTE-METHODOLOGY-DRC-PB" Name="test_mipse_methodology_drc_routed.pb"/>
  <File Type="BG-BGN" Name="test_mipse.bgn"/>
  <File Type="ROUTE-PWR" Name="test_mipse_power_routed.rpt"/>
  <File Type="ROUTE-PWR-SUM" Name="test_mipse_power_summary_routed.pb"/>
  <File Type="ROUTE-STATUS" Name="test_mipse_route_status.rpt"/>
  <File Type="ROUTE-STATUS-PB" Name="test_mipse_route_status.pb"/>
  <File Type="ROUTE-TIMINGSUMMARY" Name="test_mipse_timing_summary_routed.rpt"/>
  <File Type="ROUTE-TIMING-PB" Name="test_mipse_timing_summary_routed.pb"/>
  <File Type="ROUTE-TIMING-RPX" Name="test_mipse_timing_summary_routed.rpx"/>
  <File Type="ROUTE-SIMILARITY" Name="test_mipse_incremental_reuse_routed.rpt"/>
  <File Type="ROUTE-CLK" Name="test_mipse_clock_utilization_routed.rpt"/>
  <File Type="POSTROUTE-PHYSOPT-DCP" Name="test_mipse_postroute_physopt.dcp"/>
  <File Type="POSTROUTE-PHYSOPT-BLACKBOX-DCP" Name="test_mipse_postroute_physopt_bb.dcp"/>
  <File Type="POSTROUTE-PHYSOPT-TIMING" Name="test_mipse_timing_summary_postroute_physopted.rpt"/>
  <File Type="POSTROUTE-PHYSOPT-TIMING-PB" Name="test_mipse_timing_summary_postroute_physopted.pb"/>
  <File Type="POSTROUTE-PHYSOPT-TIMING-RPX" Name="test_mipse_timing_summary_postroute_physopted.rpx"/>
  <File Type="BG-BIT" Name="test_mipse.bit"/>
  <File Type="BITSTR-RBT" Name="test_mipse.rbt"/>
  <File Type="BITSTR-NKY" Name="test_mipse.nky"/>
  <File Type="BITSTR-BMM" Name="test_mipse_bd.bmm"/>
  <File Type="BITSTR-MMI" Name="test_mipse.mmi"/>
  <File Type="BITSTR-SYSDEF" Name="test_mipse.sysdef"/>
  <File Type="WBT-USG" Name="usage_statistics_webtalk.html"/>
  <FileSet Name="sources" Type="DesignSrcs" RelSrcDir="$PSRCDIR/sources_1">
    <Filter Type="Srcs"/>
    <File Path="$PSRCDIR/sources_1/imports/mips0717/def.h">
      <FileInfo>
        <Attr Name="ImportPath" Val="$PPRDIR/../../../../../../../../Desktop/CompSysArch/hardware/mips0717/def.h"/>
        <Attr Name="ImportTime" Val="1500465626"/>
        <Attr Name="UsedIn" Val="synthesis"/>
        <Attr Name="UsedIn" Val="simulation"/>
      </FileInfo>
    </File>
    <File Path="$PSRCDIR/sources_1/imports/mips0717/rfile.v">
      <FileInfo>
        <Attr Name="ImportPath" Val="$PPRDIR/../../../../../../../../Desktop/CompSysArch/hardware/mips0717/rfile.v"/>
        <Attr Name="ImportTime" Val="1500465626"/>
        <Attr Name="UsedIn" Val="synthesis"/>
        <Attr Name="UsedIn" Val="implementation"/>
        <Attr Name="UsedIn" Val="simulation"/>
      </FileInfo>
    </File>
    <File Path="$PSRCDIR/sources_1/imports/mips0717/alu.v">
      <FileInfo>
        <Attr Name="ImportPath" Val="$PPRDIR/../../../../../../../../Desktop/CompSysArch/hardware/mips0717/alu.v"/>
        <Attr Name="ImportTime" Val="1500465626"/>
        <Attr Name="UsedIn" Val="synthesis"/>
        <Attr Name="UsedIn" Val="implementation"/>
        <Attr Name="UsedIn" Val="simulation"/>
      </FileInfo>
    </File>
    <File Path="$PSRCDIR/sources_1/imports/mips0717/mipse.v">
      <FileInfo>
        <Attr Name="ImportPath" Val="$PPRDIR/../../../../../../../../Desktop/CompSysArch/hardware/mips0717/mipse.v"/>
        <Attr Name="ImportTime" Val="1500465626"/>
        <Attr Name="UsedIn" Val="synthesis"/>
        <Attr Name="UsedIn" Val="implementation"/>
        <Attr Name="UsedIn" Val="simulation"/>
      </FileInfo>
    </File>
    <File Path="$PSRCDIR/sources_1/imports/mips0717/imem.v">
      <FileInfo>
        <Attr Name="ImportPath" Val="$PPRDIR/../../../../../../../../Desktop/CompSysArch/hardware/mips0717/imem.v"/>
        <Attr Name="ImportTime" Val="1500465626"/>
        <Attr Name="UsedIn" Val="synthesis"/>
        <Attr Name="UsedIn" Val="implementation"/>
        <Attr Name="UsedIn" Val="simulation"/>
      </FileInfo>
    </File>
    <File Path="$PSRCDIR/sources_1/imports/mips0717/dmem.v">
      <FileInfo>
        <Attr Name="ImportPath" Val="$PPRDIR/../../../../../../../../Desktop/CompSysArch/hardware/mips0717/dmem.v"/>
        <Attr Name="ImportTime" Val="1500465626"/>
        <Attr Name="UsedIn" Val="synthesis"/>
        <Attr Name="UsedIn" Val="implementation"/>
        <Attr Name="UsedIn" Val="simulation"/>
      </FileInfo>
    </File>
    <File Path="$PSRCDIR/sources_1/imports/mips0717/test_mipse.v">
      <FileInfo>
        <Attr Name="ImportPath" Val="$PPRDIR/../../../../../../../../Desktop/CompSysArch/hardware/fpga_mips/fpga_mips.srcs/sim_1/imports/mips0717/test_mipse.v"/>
        <Attr Name="ImportTime" Val="1500489913"/>
        <Attr Name="UsedIn" Val="synthesis"/>
        <Attr Name="UsedIn" Val="implementation"/>
        <Attr Name="UsedIn" Val="simulation"/>
      </FileInfo>
    </File>
    <File Path="$PSRCDIR/sources_1/imports/mips0717/imem.dat">
      <FileInfo>
        <Attr Name="ImportPath" Val="$PPRDIR/../../../../../../../../Desktop/CompSysArch/hardware/mips0717/imem.dat"/>
        <Attr Name="ImportTime" Val="1500488303"/>
        <Attr Name="UsedIn" Val="synthesis"/>
        <Attr Name="UsedIn" Val="simulation"/>
      </FileInfo>
    </File>
    <File Path="$PSRCDIR/sources_1/imports/mips0717/dmem.dat">
      <FileInfo>
        <Attr Name="ImportPath" Val="$PPRDIR/../../../../../../../../Desktop/CompSysArch/hardware/mips0717/dmem.dat"/>
        <Attr Name="ImportTime" Val="1500488306"/>
        <Attr Name="UsedIn" Val="synthesis"/>
        <Attr Name="UsedIn" Val="simulation"/>
      </FileInfo>
    </File>
    <Config>
      <Option Name="DesignMode" Val="RTL"/>
      <Option Name="TopModule" Val="test_mipse"/>
      <Option Name="TopAutoSet" Val="TRUE"/>
    </Config>
  </FileSet>
  <FileSet Name="constrs_in" Type="Constrs" RelSrcDir="$PSRCDIR/constrs_1">
    <Filter Type="Constrs"/>
    <File Path="$PSRCDIR/constrs_1/new/mips_constraints.xdc">
      <FileInfo>
        <Attr Name="ImportPath" Val="$PPRDIR/../../../../../../../../Desktop/CompSysArch/hardware/fpga_mips/fpga_mips.srcs/constrs_1/new/mips_constraints.xdc"/>
        <Attr Name="ImportTime" Val="1500493841"/>
        <Attr Name="UsedIn" Val="synthesis"/>
        <Attr Name="UsedIn" Val="implementation"/>
      </FileInfo>
    </File>
    <Config>
      <Option Name="TargetConstrsFile" Val="$PSRCDIR/constrs_1/new/mips_constraints.xdc"/>
      <Option Name="ConstrsType" Val="XDC"/>
    </Config>
  </FileSet>
  <Strategy Version="1" Minor="2">
    <StratHandle Name="Vivado Implementation Defaults" Flow="Vivado Implementation 2016"/>
    <Step Id="init_design"/>
    <Step Id="opt_design"/>
    <Step Id="power_opt_design"/>
    <Step Id="place_design"/>
    <Step Id="post_place_power_opt_design"/>
    <Step Id="phys_opt_design"/>
    <Step Id="route_design"/>
    <Step Id="post_route_phys_opt_design"/>
    <Step Id="write_bitstream"/>
  </Strategy>
</GenRun>
